Total_RK,TEAM,Total_YDS,Total_YDS/G,Total_PASS,Total_P YDS/G,Total_RUSH,Total_R YDS/G,Total_PTS,Total_PTS/G,SEASON,Passing_RK,Passing_ATT,Passing_COMP,Passing_PCT,Passing_YDS/A,Passing_LONG,Passing_TD,Passing_INT,Passing_YDSL,Passing_RATE,Rushing_RK,Rushing_ATT,Rushing_YDS/A,Rushing_LONG,Rushing_TD,Rushing_FUM,Rushing_FUML,Receiving_RK,Receiving_REC,Receiving_AVG,Receiving_LONG,Receiving_TD,Receiving_FUM,Receiving_FUML,Returning_RK,Kickoff_Return_ATT,Kickoff_Return_Yds,Kickoff_Return_AVG,Kickoff_Return_LNG,Kickoff_Return_TD,Punt_Return_ATT,Punt_Return_YDS,Punt_Return_AVG,Punt_Return_LNG,Punt_Return_TD,Punt_Return_FC
1,PIT,4413,275.8,2963,185.2,1450,90.6,314,19.6,2012,1,523,299,57.2,6,71,19,10,196,79,2,391,3.7,64,9,6,4,1,299,10.6,71,19,5,3,12,46,1103,24,51,0,30,306,10.2,63,1,20
2,DEN,4652,290.8,3194,199.6,1458,91.1,289,18.1,2012,3,559,321,57.4,6.4,61,25,16,364,79.4,3,404,3.6,36,5,6,3,6,321,11.1,61,25,1,0,28,34,751,22.1,50,0,33,203,6.2,40,0,17
3,SFO,4710,294.4,3203,200.2,1507,94.2,273,17.1,2012,4,567,337,59.4,6.1,53,19,14,270,78,4,407,3.7,35,7,5,3,4,337,10.3,53,19,7,5,4,48,1289,26.9,66,0,36,249,6.9,75,1,18
4,SEA,4899,306.2,3250,203.1,1649,103.1,245,15.3,2012,6,564,327,58,6.2,56,15,18,247,71.8,10,368,4.5,74,8,8,3,5,327,10.7,56,15,5,1,10,50,1147,22.9,40,0,29,252,8.7,38,0,17
5,CHI,5050,315.6,3423,213.9,1627,101.7,277,17.3,2012,8,592,350,59.1,6.3,62,19,24,289,71.3,8,388,4.2,80,6,12,9,10,350,10.6,62,19,10,4,27,37,767,20.7,38,0,25,84,3.4,17,0,25
6,CIN,5115,319.7,3400,212.5,1715,107.2,320,20,2012,7,560,346,61.8,6.7,71,16,14,361,80.7,12,423,4.1,32,13,8,5,11,346,10.9,71,16,4,4,3,60,1468,24.5,105,1,27,210,7.8,60,0,14
7,HOU,5172,323.3,3612,225.8,1560,97.5,331,20.7,2012,16,581,308,53,6.7,81,29,15,269,80,7,390,4,29,5,10,6,15,308,12.6,81,29,4,3,2,62,1595,25.7,101,2,48,483,10.1,72,1,15
8,NYJ,5174,323.4,3036,189.8,2138,133.6,375,23.4,2012,2,494,266,53.8,6.5,83,20,11,170,78.2,26,495,4.3,94,17,7,6,2,266,12.1,83,20,3,2,9,54,1184,21.9,104,1,31,375,12.1,63,1,24
9,SDG,5223,326.4,3681,230.1,1542,96.4,350,21.9,2012,18,568,347,61.1,6.9,55,28,14,244,87.9,6,406,3.8,41,10,9,5,18,347,11.3,55,28,6,4,16,45,1017,22.6,71,0,40,362,9.1,24,0,15
10,CAR,5329,333.1,3568,223,1761,110.1,363,22.7,2012,13,555,371,66.8,6.9,60,22,11,284,91.7,14,416,4.2,65,11,7,4,14,371,10.4,60,22,1,1,29,39,739,18.9,45,0,37,318,8.6,76,1,20
11,GNB,5388,336.8,3492,218.3,1896,118.5,336,21,2012,11,568,313,55.1,6.7,80,24,18,309,76.8,17,418,4.5,82,12,3,1,12,313,12.1,80,24,4,1,8,51,1193,23.4,41,0,24,179,7.5,25,0,26
12,ARI,5405,337.8,3213,200.8,2192,137,357,22.3,2012,5,497,270,54.3,6.9,80,20,22,228,71.2,28,506,4.3,46,12,5,2,3,270,12.7,80,20,4,3,24,32,846,26.4,83,0,48,415,8.6,52,0,36
13,DET,5458,341.1,3569,223.1,1889,118.1,437,27.3,2012,14,544,346,63.6,7,71,26,11,237,91.7,16,420,4.5,81,13,4,1,13,346,11,71,26,3,2,7,52,1213,23.3,105,2,33,328,9.9,77,2,26
14,STL,5482,342.6,3602,225.1,1880,117.5,348,21.8,2012,15,547,362,66.2,7.2,68,16,17,325,83.9,15,442,4.3,82,18,4,2,19,362,10.8,68,16,2,0,30,30,730,24.3,69,0,41,402,9.8,26,0,12
15,PHI,5491,343.2,3470,216.9,2021,126.3,444,27.8,2012,9,485,292,60.2,7.6,63,33,8,198,99.6,23,479,4.2,43,11,7,0,7,292,12.6,63,33,0,0,17,41,1012,24.7,53,0,40,542,13.6,78,1,15
16,MIN,5600,350,3908,244.3,1692,105.8,348,21.8,2012,24,612,391,63.9,6.9,73,28,10,284,92.3,11,427,4,76,10,8,6,25,391,10.7,73,28,3,1,26,33,795,24.1,94,0,41,341,8.3,32,0,12
17,BAL,5615,350.9,3650,228.1,1965,122.8,344,21.5,2012,17,557,335,60.1,7,59,15,13,250,80.6,20,492,4,31,15,11,6,17,335,11.6,59,15,3,3,22,37,859,23.2,42,0,49,383,7.8,64,0,13
18,OAK,5672,354.5,3775,235.9,1897,118.6,443,27.7,2012,20,526,347,66,7.5,64,28,11,185,97.5,18,444,4.3,70,18,3,3,20,347,11.4,64,28,6,3,19,30,868,28.9,105,2,45,450,10,28,0,16
19,DAL,5687,355.4,3684,230.3,2003,125.2,400,25,2012,19,511,320,62.6,7.6,68,22,7,211,94.7,22,441,4.5,43,17,4,3,16,320,12.2,68,22,3,1,13,50,1102,22,108,1,29,279,9.6,98,1,15
20,KAN,5704,356.5,3533,220.8,2171,135.7,425,26.6,2012,12,464,279,60.1,8,62,29,7,161,99.9,27,482,4.5,47,11,7,2,9,279,13.2,62,29,6,1,31,27,690,25.6,77,0,27,362,13.4,93,2,22
21,MIA,5708,356.8,3974,248.4,1734,108.4,317,19.8,2012,27,600,353,58.8,7,66,18,10,242,83.4,13,431,4,62,10,3,0,27,353,11.9,66,18,6,3,19,35,868,24.8,98,1,43,484,11.3,79,1,11
22,BUF,5806,362.9,3473,217.1,2333,145.8,435,27.2,2012,10,536,306,57.1,6.8,53,25,12,196,84.4,31,470,5,83,23,11,2,8,306,12,53,25,6,3,11,51,1144,22.4,96,1,35,517,14.8,75,2,14
23,CLE,5821,363.8,3923,245.2,1898,118.6,368,23,2012,25,600,378,63,6.9,64,27,17,233,86.6,19,457,4.2,80,14,9,6,24,378,11,64,27,5,2,23,43,853,19.8,34,0,34,343,10.1,81,1,26
24,ATL,5849,365.6,3878,242.4,1971,123.2,299,18.7,2012,23,551,337,61.2,7.4,77,14,20,182,77.1,21,411,4.8,72,16,8,6,23,337,12,77,14,4,2,14,48,1065,22.2,65,0,26,241,9.3,37,0,23
25,NWE,5972,373.3,4342,271.4,1630,101.9,331,20.7,2012,29,594,369,62.1,7.7,68,27,20,213,86.9,9,415,3.9,31,10,19,8,29,369,12.3,68,27,9,4,6,60,1229,20.5,62,0,23,154,6.7,25,0,19
26,IND,5988,374.3,3788,236.8,2200,137.5,387,24.2,2012,21,535,334,62.4,7.4,80,23,12,189,90.1,29,428,5.1,86,14,4,1,22,334,11.9,80,23,3,1,25,34,841,24.7,50,0,32,375,11.7,68,1,14
27,TEN,5999,374.9,3964,247.8,2035,127.2,471,29.4,2012,26,564,374,66.3,7.5,82,31,19,241,92.7,24,483,4.2,46,16,6,2,26,374,11.2,82,31,4,1,21,33,860,26.1,89,1,39,405,10.4,58,0,15
28,WAS,6043,377.7,4511,281.9,1532,95.8,388,24.3,2012,30,636,393,61.8,7.4,85,31,21,209,87,5,363,4.2,53,11,7,4,30,393,12,85,31,3,3,5,55,1264,23,48,0,39,320,8.2,39,0,19
29,TAM,6078,379.9,4758,297.4,1320,82.5,394,24.6,2012,32,627,410,65.4,7.9,80,30,18,193,93.5,1,377,3.5,64,13,3,1,32,410,12.1,80,30,4,2,32,27,680,25.2,44,0,40,440,11,45,0,16
30,JAX,6088,380.5,3832,239.5,2256,141,444,27.8,2012,22,535,341,63.7,7.4,59,21,12,128,89.8,30,545,4.1,53,19,4,2,20,341,11.6,59,21,2,1,18,39,1009,25.9,55,0,40,495,12.4,81,2,29
31,NYG,6134,383.4,4068,254.3,2066,129.1,344,21.5,2012,28,534,341,63.9,8.1,62,26,21,231,88.7,25,449,4.6,78,9,8,4,28,341,12.6,62,26,5,3,1,70,1662,23.7,74,0,38,353,9.3,68,0,5
32,NOR,7042,440.1,4681,292.6,2361,147.6,454,28.4,2012,31,602,370,61.5,8.1,95,31,15,194,93.8,32,457,5.2,91,18,6,5,31,370,13.2,95,31,2,2,15,42,1049,25,97,1,31,391,12.6,69,0,12
1,SEA,4378,273.6,2752,172,1626,101.6,231,14.4,2013,1,524,309,59,5.8,73,16,28,298,63.4,7,422,3.9,51,4,7,3,1,309,9.9,73,16,4,1,12,44,1056,24,40,0,21,82,3.9,32,0,30
2,CAR,4820,301.3,3429,214.3,1391,86.9,241,15.1,2013,6,563,375,66.6,6.8,73,17,20,424,81.4,2,352,4,46,4,5,2,11,375,10.3,73,17,3,3,32,18,407,22.6,34,0,36,335,9.3,23,0,13
3,CIN,4888,305.5,3344,209,1544,96.5,305,19.1,2013,5,614,362,59,5.9,74,22,20,279,74.2,5,385,4,51,6,4,4,4,362,10,74,22,5,4,6,52,1219,23.4,48,0,27,254,9.4,67,1,22
4,NOR,4891,305.7,3105,194.1,1786,111.6,304,19,2013,2,507,304,60,6.8,60,20,12,336,83.6,19,387,4.6,52,11,3,2,3,304,11.3,60,20,4,2,21,33,830,25.2,46,0,24,180,7.5,32,0,12
5,SFO,5071,316.9,3536,221,1535,95.9,272,17,2013,7,585,345,59,6.5,75,19,18,283,76.4,4,397,3.9,30,11,6,4,9,345,11.1,75,19,2,2,9,54,1104,20.4,82,0,38,330,8.7,38,0,21
6,ARI,5079,317.4,3728,233,1351,84.4,324,20.3,2013,14,625,367,58.7,6.5,72,29,20,337,80.3,1,370,3.7,56,5,6,2,17,367,11.1,72,29,2,1,3,54,1298,24,59,0,36,321,8.9,29,0,20
7,HOU,5081,317.6,3123,195.2,1958,122.4,428,26.8,2013,3,484,287,59.3,6.8,64,29,7,187,93.9,23,454,4.3,80,11,7,3,2,287,11.5,64,29,1,0,15,39,1004,25.7,57,0,43,530,12.3,82,1,23
8,NYG,5316,332.3,3573,223.3,1743,108.9,383,23.9,2013,10,601,361,60.1,6.3,56,21,17,214,78.3,14,454,3.8,34,12,6,3,8,361,10.5,56,21,4,1,24,33,721,21.8,69,0,48,655,13.6,89,3,17
9,CLE,5319,332.4,3538,221.1,1781,111.3,406,25.4,2013,8,605,363,60,6.2,50,29,14,185,84.1,18,462,3.9,54,13,4,2,6,363,10.3,50,29,2,1,27,27,612,22.7,40,0,38,357,9.4,36,0,25
10,BUF,5334,333.4,3271,204.4,2063,128.9,388,24.3,2013,4,561,310,55.3,6.5,74,28,23,395,74.9,28,471,4.4,80,10,7,4,5,310,11.8,74,28,3,1,7,48,1122,23.4,83,0,45,477,10.6,79,1,22
11,NYJ,5359,334.9,3947,246.7,1412,88.3,387,24.2,2013,22,586,345,58.9,7.1,77,26,13,242,86.5,3,421,3.4,63,9,5,0,22,345,12.1,77,26,2,0,16,42,938,22.3,71,0,43,488,11.3,38,0,21
12,BAL,5368,335.5,3681,230.1,1687,105.4,352,22,2013,12,552,314,56.9,7.1,79,25,16,257,82.2,11,440,3.8,43,7,6,2,13,314,12.5,79,25,6,1,20,38,873,23,44,0,46,419,9.1,27,0,14
13,PIT,5402,337.6,3553,222.1,1849,115.6,370,23.1,2013,9,569,329,57.8,6.6,81,21,10,198,82.7,21,433,4.3,93,18,7,4,7,329,11.4,81,21,5,3,5,55,1225,22.3,73,0,35,313,8.9,43,0,16
14,TEN,5407,337.9,3612,225.8,1795,112.2,381,23.8,2013,11,545,344,63.1,7,55,15,13,227,83.3,20,446,4,60,21,9,6,10,344,11.2,55,15,5,4,10,45,1099,24.4,46,0,35,210,6,24,0,25
15,STL,5520,345,3874,242.1,1646,102.9,364,22.8,2013,19,521,355,68.1,8.1,81,21,14,326,94.7,9,440,3.7,41,18,8,5,25,355,11.8,81,21,3,3,29,25,544,21.8,39,0,30,79,2.6,17,0,23
16,DET,5546,346.6,3950,246.9,1596,99.8,376,23.5,2013,23,572,338,59.1,7.3,85,24,15,249,85,6,377,4.2,78,10,10,5,24,338,12.4,85,24,1,0,18,35,924,26.4,56,0,32,250,7.8,50,0,18
17,TAM,5568,348,3806,237.9,1762,110.1,389,24.3,2013,17,547,352,64.4,7.4,80,30,21,255,88.9,15,438,4,56,10,6,4,16,352,11.5,80,30,5,2,31,24,452,18.8,30,0,35,393,11.2,71,0,20
18,WAS,5665,354.1,3896,243.5,1769,110.6,478,29.9,2013,20,514,337,65.6,8,57,29,16,238,96.1,17,443,4,50,23,8,3,19,337,12.3,57,29,5,4,13,47,1048,22.3,95,1,39,655,16.8,86,3,18
19,DEN,5696,356,4070,254.4,1626,101.6,399,24.9,2013,27,613,357,58.2,7.1,82,29,17,290,84.5,7,420,3.9,35,15,9,4,28,357,12.2,82,29,4,3,17,32,936,29.3,108,1,28,274,9.8,51,0,25
20,IND,5713,357.1,3711,231.9,2002,125.1,336,21,2013,13,536,324,60.4,7.4,81,21,15,248,84.6,26,448,4.5,56,14,8,4,14,324,12.2,81,21,0,0,11,43,1085,25.2,56,0,29,396,13.7,98,1,17
21,MIA,5750,359.4,3752,234.5,1998,124.9,335,20.9,2013,16,580,344,59.3,6.9,67,17,18,272,77.3,24,484,4.1,51,14,5,3,15,344,11.7,67,17,0,0,22,36,826,22.9,47,0,42,407,9.7,52,0,13
22,OAK,5819,363.7,4092,255.8,1727,107.9,453,28.3,2013,28,549,374,68.1,7.9,71,33,9,260,105.1,13,442,3.9,45,15,6,3,27,374,11.6,71,33,7,4,26,30,613,20.4,50,0,42,438,10.4,87,1,11
23,SDG,5864,366.5,4139,258.7,1725,107.8,348,21.8,2013,29,548,364,66.4,8,74,23,11,248,96.4,12,376,4.6,46,14,4,2,29,364,12.1,74,23,4,2,1,73,1797,24.6,46,0,19,158,8.3,38,0,19
24,KAN,5885,367.8,3962,247.6,1923,120.2,305,19.1,2013,25,592,334,56.4,7.2,77,25,21,309,78.5,22,428,4.5,61,9,4,3,26,334,12.8,77,25,4,3,13,43,1048,24.4,39,0,38,246,6.5,27,0,19
25,GNB,5956,372.3,3956,247.3,2000,125,428,26.8,2013,24,539,332,61.6,7.8,67,30,11,238,95.9,25,432,4.6,41,16,3,3,23,332,12.6,67,30,3,3,2,61,1577,25.9,109,1,20,261,13.1,49,0,19
26,NWE,5969,373.1,3824,239,2145,134.1,338,21.1,2013,18,589,336,57,7,80,25,17,313,81,30,481,4.5,34,11,6,3,20,336,12.3,80,25,5,3,25,32,664,20.8,50,0,29,221,7.6,24,0,14
27,ATL,6070,379.4,3897,243.6,2173,135.8,443,27.7,2013,21,516,341,66.1,8,67,31,10,231,102.4,31,455,4.8,80,14,5,2,18,341,12.1,67,31,6,4,28,23,571,24.8,36,0,33,251,7.6,32,0,23
27,JAX,6070,379.4,3962,247.6,2108,131.8,449,28.1,2013,25,551,354,64.2,7.6,95,29,11,225,96.5,29,507,4.2,50,20,10,6,21,354,11.8,95,29,2,0,30,25,509,20.4,47,0,47,330,7,38,0,22
29,PHI,6304,394,4636,289.8,1668,104.3,382,23.9,2013,32,670,408,60.9,7.3,66,25,19,271,84,10,443,3.8,35,12,15,7,32,408,12,66,25,3,1,4,52,1229,23.6,105,2,28,223,8,58,1,22
30,CHI,6313,394.6,3730,233.1,2583,161.4,478,29.9,2013,15,507,315,62.1,7.7,48,25,19,189,86.9,32,483,5.3,65,22,11,3,12,315,12.4,48,25,5,2,19,47,883,18.8,105,1,15,111,7.4,57,0,25
31,MIN,6362,397.6,4595,287.2,1767,110.4,480,30,2013,31,648,419,64.7,7.5,80,37,12,274,98.6,16,443,4,41,14,7,1,31,419,11.6,80,37,4,3,8,41,1113,27.1,80,1,36,318,8.8,93,1,20
32,DAL,6645,415.3,4589,286.8,2056,128.5,432,27,2013,30,623,403,64.7,7.8,87,33,15,246,96,27,437,4.7,60,17,4,3,30,403,12,87,33,4,4,23,38,791,20.8,45,0,37,339,9.2,26,0,27
1,SEA,4274,267.1,2970,185.6,1304,81.5,254,15.9,2014,1,507,313,61.7,6.3,60,17,13,234,80.4,3,380,3.4,47,8,10,5,1,313,10.2,60,17,6,2,11,43,1035,24.1,75,0,17,195,11.5,90,1,22
2,DET,4815,300.9,3706,231.6,1109,69.3,282,17.6,2014,13,592,383,64.7,6.8,50,23,20,295,83,1,350,3.2,35,8,6,5,15,383,10.4,50,23,4,0,31,20,544,27.2,81,0,30,311,10.4,55,1,21
3,DEN,4883,305.2,3607,225.4,1276,79.8,354,22.1,2014,9,641,399,62.2,6,81,29,18,252,82.4,2,349,3.7,85,9,3,1,9,399,9.7,81,29,11,3,17,35,905,25.9,80,0,33,371,11.2,84,1,19
4,BUF,4995,312.2,3292,205.8,1703,106.4,289,18.1,2014,3,559,337,60.3,6.4,56,16,19,308,74.5,11,414,4.1,47,10,6,4,3,337,10.7,56,16,5,4,24,32,639,20,41,0,38,246,6.5,41,0,20
5,SFO,5143,321.4,3531,220.7,1612,100.8,340,21.3,2014,5,551,324,58.8,6.8,63,29,23,200,79.4,7,402,4,37,7,4,1,5,324,11.5,63,29,3,3,16,40,907,22.7,38,0,36,336,9.3,82,1,22
6,NYJ,5235,327.2,3746,234.1,1489,93.1,401,25.1,2014,14,538,345,64.1,7.5,87,31,6,310,101.5,5,393,3.8,97,10,5,1,17,345,11.8,87,31,3,1,10,51,1110,21.8,78,0,25,250,10,39,0,23
7,KAN,5288,330.5,3252,203.3,2036,127.3,281,17.6,2014,2,545,318,58.3,6.4,48,22,6,253,86.4,28,433,4.7,90,4,4,2,2,318,11,48,22,2,1,3,54,1293,23.9,74,0,29,190,6.6,38,0,20
8,BAL,5391,336.9,3979,248.7,1412,88.3,302,18.9,2014,23,595,382,64.2,7.3,77,22,11,362,90.6,4,390,3.6,67,8,8,5,28,382,11.4,77,22,6,3,26,26,601,23.1,36,0,23,166,7.2,45,0,14
9,SDG,5413,338.3,3427,214.2,1986,124.1,348,21.8,2014,4,524,320,61.1,6.9,77,24,7,178,91.3,26,438,4.5,90,11,10,6,4,320,11.3,77,24,3,1,1,67,1488,22.2,72,0,35,366,10.5,41,0,15
10,CAR,5437,339.8,3645,227.8,1792,112,374,23.4,2014,11,562,364,64.8,7,81,25,14,268,89.5,16,397,4.5,89,14,6,2,11,364,10.8,81,25,8,4,29,18,584,32.4,97,0,28,435,15.5,65,1,20
11,IND,5483,342.7,3669,229.3,1814,113.4,369,23.1,2014,12,543,320,58.9,7.2,63,27,12,263,88.7,18,423,4.3,52,14,9,5,12,320,12.3,63,27,7,5,27,26,587,22.6,52,0,35,205,5.9,37,0,19
12,MIA,5494,343.4,3557,222.3,1937,121.1,373,23.3,2014,6,537,338,62.9,7,74,27,14,211,89.7,24,453,4.3,47,13,7,3,6,338,11.1,74,27,2,1,5,46,1237,26.9,102,1,36,349,9.7,47,0,11
13,NWE,5506,344.1,3837,239.8,1669,104.3,313,19.6,2014,17,574,342,59.6,7.2,50,24,16,282,84,9,419,4,48,6,6,2,18,342,12,50,24,5,3,14,45,955,21.2,62,0,29,267,9.2,47,0,15
14,MIN,5515,344.7,3572,223.3,1943,121.4,343,21.4,2014,7,534,353,66.1,7.1,66,26,13,217,92.8,25,450,4.3,53,10,3,1,8,353,10.7,66,26,5,3,30,28,579,20.7,67,0,39,255,6.5,34,0,19
15,GNB,5542,346.4,3623,226.4,1919,119.9,348,21.8,2014,10,564,333,59,6.9,79,26,18,261,82.1,23,449,4.3,40,11,11,5,10,333,11.7,79,26,2,1,2,58,1421,24.5,101,1,22,191,8.7,75,1,10
16,HOU,5571,348.2,3890,243.1,1681,105.1,307,19.2,2014,21,619,363,58.6,6.7,80,28,20,251,80.4,10,420,4,41,6,8,4,20,363,11.4,80,28,7,5,7,45,1169,26,42,0,32,396,12.4,48,0,24
17,STL,5626,351.6,3861,241.3,1765,110.3,354,22.1,2014,19,540,368,68.1,7.6,80,18,13,265,91.8,14,425,4.2,67,12,13,4,19,368,11.2,80,18,5,5,20,35,849,24.3,99,1,28,192,6.9,42,0,27
18,PIT,5654,353.4,4049,253.1,1605,100.3,368,23,2014,27,543,350,64.5,7.8,81,30,11,194,98.3,6,368,4.4,41,9,9,4,26,350,12.1,81,30,4,3,4,54,1249,23.1,108,1,27,220,8.1,33,0,18
19,DAL,5681,355.1,4031,251.9,1650,103.1,352,22,2014,26,558,371,66.5,7.5,72,22,18,156,88.5,8,392,4.2,62,18,2,2,23,371,11.3,72,22,9,7,15,43,921,21.4,46,0,25,240,9.6,37,0,15
20,WAS,5712,357,3990,249.4,1722,107.6,438,27.4,2014,24,519,345,66.5,8.2,79,35,7,241,108.3,12,421,4.1,65,11,12,5,25,345,12.3,79,35,3,2,9,43,1111,25.8,102,1,42,397,9.5,78,1,10
21,OAK,5721,357.6,3810,238.1,1911,119.4,452,28.3,2014,16,538,343,63.8,7.4,70,29,9,157,96.9,22,481,4,89,17,7,3,13,343,11.6,70,29,2,1,23,21,683,32.5,76,0,47,513,10.9,81,1,33
22,CIN,5749,359.3,3888,243,1861,116.3,344,21.5,2014,20,608,365,60,6.6,94,18,20,125,75.8,20,439,4.2,53,16,7,4,16,365,11,94,18,0,0,8,44,1123,25.5,77,0,30,226,7.5,71,1,15
23,CLE,5857,366.1,3592,224.5,2265,141.6,337,21.1,2014,8,587,335,57.1,6.4,75,22,21,191,74.1,32,500,4.5,38,13,6,2,7,335,11.3,75,22,2,1,22,31,695,22.4,41,0,42,295,7,36,0,26
24,ARI,5891,368.2,4152,259.5,1739,108.7,299,18.7,2014,29,579,365,63,7.6,86,22,18,244,86,13,396,4.4,79,9,4,1,29,365,12,86,22,4,4,13,37,967,26.1,39,0,32,284,8.9,68,0,37
25,TAM,5903,368.9,4084,255.3,1819,113.7,410,25.6,2014,28,563,387,68.7,7.6,56,28,14,210,97.4,19,468,3.9,57,15,8,4,27,387,11.1,56,28,5,2,18,37,868,23.5,58,0,32,185,5.8,62,1,26
26,JAX,5932,370.8,3899,243.7,2033,127.1,412,25.8,2014,22,541,355,65.6,7.7,73,24,6,275,99.1,27,499,4.1,60,15,4,1,22,355,11.8,73,24,5,3,32,22,516,23.5,50,0,52,464,8.9,37,0,20
27,TEN,5968,373,3773,235.8,2195,137.2,438,27.4,2014,15,545,347,63.7,7.3,80,28,12,222,93.6,31,515,4.3,62,17,2,1,14,347,11.5,80,28,2,2,19,31,855,27.6,107,1,43,350,8.1,30,0,25
28,PHI,6009,375.6,4238,264.9,1771,110.7,400,25,2014,31,591,345,58.4,7.8,81,30,12,357,91.6,15,473,3.7,37,14,10,6,31,345,13.3,81,30,4,4,6,52,1183,22.8,44,0,29,238,8.2,75,1,22
29,NYG,6012,375.8,3850,240.6,2162,135.1,400,25,2014,18,522,324,62.1,8,74,25,17,313,89.4,30,438,4.9,46,15,10,3,21,324,12.8,74,25,1,1,27,32,587,18.3,33,0,37,391,10.6,71,1,17
30,CHI,6033,377.1,4230,264.4,1803,112.7,442,27.6,2014,30,548,366,66.8,8.1,73,34,14,228,101.7,17,421,4.3,48,12,5,1,30,366,12.2,73,34,8,4,25,35,614,17.5,31,0,33,335,10.2,79,1,19
31,NOR,6144,384,4019,251.2,2125,132.8,424,26.5,2014,25,546,341,62.5,7.7,73,26,12,188,92.9,29,442,4.8,69,17,5,0,24,341,12.3,73,26,5,2,12,39,1029,26.4,43,0,24,99,4.1,14,0,13
32,ATL,6372,398.3,4478,279.9,1894,118.4,417,26.1,2014,32,566,359,63.4,8.2,76,20,16,140,88.9,21,450,4.2,55,21,5,2,32,359,12.9,76,20,5,4,21,36,820,22.8,99,0,26,250,9.6,53,0,28
1,DEN,3144,285.8,2168,197.1,976,88.7,207,18.8,2015,1,384,231,60.2,6.2,80,11,10,231,76.9,2,283,3.4,48,8,1,1,1,231,10.4,80,11,6,1,27,17,336,19.8,30,0,24,183,7.6,28,0,12
2,CAR,3438,312.5,2462,223.8,976,88.7,205,18.6,2015,5,444,260,58.6,6,56,13,18,199,68.7,2,255,3.8,63,7,6,2,6,260,10.2,56,13,4,4,3,29,769,26.5,99,1,27,239,8.9,74,1,13
3,NYJ,3563,323.9,2635,239.5,928,84.4,228,20.7,2015,12,435,245,56.3,6.5,61,21,11,186,81.6,1,250,3.7,45,2,6,4,14,245,11.5,61,21,0,0,2,33,787,23.8,41,0,28,314,11.2,89,1,12
4,SEA,3574,324.9,2552,232,1022,92.9,222,20.2,2015,9,382,240,62.8,7.2,69,11,8,198,85.3,5,272,3.8,48,9,6,3,11,240,11.5,69,11,2,2,8,28,669,23.9,36,0,21,294,14,75,1,18
5,ARI,3590,326.4,2588,235.3,1002,91.1,229,20.8,2015,10,400,237,59.3,6.8,88,17,15,147,78.5,4,252,4,52,7,8,2,10,237,11.5,88,17,2,1,1,34,818,24.1,58,0,13,101,7.8,37,0,13
6,HOU,3598,327.1,2416,219.6,1182,107.5,234,21.3,2015,3,387,231,59.7,6.7,55,17,10,191,83.8,16,277,4.3,85,8,3,1,3,231,11.3,55,17,1,1,13,24,621,25.9,50,0,41,401,9.8,37,0,9
7,TEN,3650,331.8,2465,224.1,1185,107.7,257,23.4,2015,6,331,214,64.7,8.1,60,20,10,218,97.3,17,307,3.9,26,9,3,1,7,214,12.5,60,20,0,0,21,17,435,25.6,35,0,29,464,16,78,1,16
8,DAL,3652,332,2476,225.1,1176,106.9,261,23.7,2015,7,357,228,63.9,7.4,80,11,6,170,89.5,15,289,4.1,39,11,2,1,5,228,11.6,80,11,0,0,30,11,287,26.1,100,1,15,136,9.1,25,0,17
9,MIN,3675,334.1,2458,223.5,1217,110.6,194,17.6,2015,4,383,239,62.4,6.9,55,14,8,176,86.2,20,280,4.3,72,5,4,3,4,239,11,55,14,2,1,11,24,632,26.3,70,0,20,95,4.8,14,0,15
10,KAN,3689,335.4,2634,239.5,1055,95.9,220,20,2015,11,406,234,57.6,7,55,20,14,197,81.2,9,269,3.9,42,5,4,1,15,234,12.1,55,20,0,0,9,27,639,23.7,38,0,19,105,5.5,13,0,12
11,ATL,3722,338.4,2657,241.5,1065,96.8,234,21.3,2015,15,396,261,65.9,6.8,67,13,13,52,82.8,10,285,3.7,37,13,3,2,9,261,10.4,67,13,4,2,24,14,405,28.9,41,0,24,214,8.9,29,0,12
12,TAM,3727,338.8,2655,241.4,1072,97.5,279,25.4,2015,14,384,262,68.2,7.3,59,23,10,153,98.5,12,309,3.5,21,5,9,5,13,262,10.7,59,23,5,3,16,25,596,23.8,42,0,21,120,5.7,24,0,7
13,STL,3751,341,2530,230,1221,111,230,20.9,2015,8,375,260,69.3,7.2,87,12,9,158,90.4,21,315,3.9,39,6,3,2,8,260,10.3,87,12,7,3,26,16,375,23.4,42,0,33,228,6.9,57,1,14
14,CHI,3774,343.1,2360,214.5,1414,128.5,264,24,2015,2,361,220,60.9,7,57,20,6,150,93.4,29,295,4.8,30,3,4,3,2,220,11.4,57,20,1,1,7,26,718,27.6,108,2,23,219,9.5,65,1,13
15,CIN,3777,343.4,2679,243.5,1098,99.8,193,17.5,2015,16,424,273,64.4,6.8,64,15,14,187,81.9,13,238,4.6,69,4,2,0,16,273,10.5,64,15,2,1,10,29,636,21.9,33,0,16,125,7.8,21,0,13
16,NWE,3846,349.6,2779,252.6,1067,97,212,19.3,2015,17,435,261,60,6.9,87,15,10,231,82.8,11,260,4.1,48,8,4,1,21,261,11.5,87,15,3,1,23,22,429,19.5,50,0,25,135,5.4,17,0,9
17,BAL,3878,352.5,2845,258.6,1033,93.9,276,25.1,2015,22,407,255,62.7,7.4,80,21,4,174,98.3,8,281,3.7,62,6,5,2,23,255,11.8,80,21,0,0,31,5,156,31.2,40,0,28,150,5.4,29,0,8
18,BUF,3915,355.9,2793,253.9,1122,102,257,23.4,2015,20,425,247,58.1,6.8,51,20,11,78,83.6,14,265,4.2,35,8,4,1,17,247,11.6,51,20,1,1,20,30,516,17.2,49,0,28,248,8.9,28,0,14
19,JAX,3944,358.5,2918,265.3,1026,93.3,299,27.2,2015,25,418,278,66.5,7.4,58,21,5,175,100.1,6,307,3.3,39,9,4,2,24,278,11.1,58,21,2,2,22,17,430,25.3,54,0,31,404,13,58,0,18
20,WAS,4033,366.6,2640,240,1393,126.6,267,24.3,2015,13,375,233,62.1,7.5,62,22,9,164,94.6,27,297,4.7,70,5,7,1,12,233,12,62,22,7,5,29,17,288,16.9,29,0,20,208,10.4,69,1,9
21,PIT,4150,377.3,3120,283.6,1030,93.6,230,20.9,2015,30,423,284,67.1,7.8,80,22,9,172,98.9,7,269,3.8,44,4,10,3,31,284,11.6,80,22,5,2,5,33,740,22.4,54,0,16,150,9.4,25,0,15
22,SDG,4154,377.6,2793,253.9,1361,123.7,307,27.9,2015,20,358,235,65.6,8.2,72,18,6,137,100.7,26,278,4.9,65,12,5,2,18,235,12.5,72,18,0,0,17,20,574,28.7,48,0,31,317,10.2,31,0,9
23,PHI,4174,379.5,2781,252.8,1393,126.6,274,24.9,2015,18,418,270,64.6,7.1,59,25,12,178,93.4,27,320,4.4,84,4,2,0,20,270,11,59,25,6,5,19,24,551,23,79,0,30,140,4.7,19,0,15
24,DET,4214,351.2,2910,242.5,1304,108.7,315,26.3,2015,23,398,273,68.6,7.9,61,20,5,220,103.5,23,334,3.9,75,16,7,3,26,273,11.5,61,20,4,1,15,24,601,25,50,0,34,227,6.7,37,0,16
25,IND,4267,387.9,3001,272.8,1266,115.1,260,23.6,2015,27,423,256,60.5,7.4,64,20,14,111,85.1,22,302,4.2,56,9,6,3,25,256,12.2,64,20,3,0,32,7,137,19.6,41,0,25,194,7.8,83,1,15
26,GNB,4282,356.8,2940,245,1342,111.8,238,19.8,2015,26,428,256,59.8,7.3,68,16,11,200,84.2,25,322,4.2,55,10,6,2,27,256,12.3,68,16,3,1,4,29,765,26.4,104,0,31,153,4.9,23,0,9
27,OAK,4301,391,3110,282.7,1191,108.3,280,25.5,2015,29,455,285,62.6,7.1,59,19,11,131,87.8,18,271,4.4,80,7,1,1,29,285,11.4,59,19,3,1,18,23,558,24.3,93,1,19,107,5.6,18,0,9
28,MIA,4309,391.7,2786,253.3,1523,138.5,287,26.1,2015,19,375,235,62.7,7.9,63,23,9,166,97.5,32,360,4.2,48,9,2,0,19,235,12.6,63,23,1,0,24,18,405,22.5,41,0,33,338,10.2,58,0,12
29,SFO,4377,397.9,3045,276.8,1332,121.1,271,24.6,2015,28,391,270,69.1,8.1,66,17,7,134,100.5,24,324,4.1,71,12,1,0,28,270,11.8,66,17,1,1,28,14,331,23.6,50,0,30,195,6.5,41,0,10
30,CLE,4409,400.8,2917,265.2,1492,135.6,310,28.2,2015,24,373,228,61.1,8.1,75,23,8,96,98.3,31,326,4.6,54,9,5,3,22,228,13.2,75,23,4,4,14,29,614,21.2,46,0,30,300,10,82,1,12
31,NOR,4605,418.6,3126,284.2,1479,134.5,339,30.8,2015,31,375,253,67.5,8.8,87,30,5,160,115.9,30,304,4.9,45,8,8,4,30,253,13,87,30,1,1,12,24,631,26.3,46,0,23,190,8.3,22,0,9
32,NYG,4616,419.6,3401,309.2,1215,110.5,273,24.8,2015,32,439,292,66.5,7.9,76,20,14,65,92.3,19,303,4,59,8,8,3,32,292,11.9,76,20,6,4,6,35,719,20.5,101,1,23,226,9.8,82,0,13
